--
-- PostgreSQL database dump
--

-- Dumped from database version 12.17 (Ubuntu 12.17-1.pgdg22.04+1)
-- Dumped by pg_dump version 12.17 (Ubuntu 12.17-1.pgdg22.04+1)

SET statement_timeout = 0;
SET lock_timeout = 0;
SET idle_in_transaction_session_timeout = 0;
SET client_encoding = 'UTF8';
SET standard_conforming_strings = on;
SELECT pg_catalog.set_config('search_path', '', false);
SET check_function_bodies = false;
SET xmloption = content;
SET client_min_messages = warning;
SET row_security = off;

DROP DATABASE universe;
--
-- Name: universe; Type: DATABASE; Schema: -; Owner: freecodecamp
--

CREATE DATABASE universe WITH TEMPLATE = template0 ENCODING = 'UTF8' LC_COLLATE = 'C.UTF-8' LC_CTYPE = 'C.UTF-8';


ALTER DATABASE universe OWNER TO freecodecamp;

\connect universe

SET statement_timeout = 0;
SET lock_timeout = 0;
SET idle_in_transaction_session_timeout = 0;
SET client_encoding = 'UTF8';
SET standard_conforming_strings = on;
SELECT pg_catalog.set_config('search_path', '', false);
SET check_function_bodies = false;
SET xmloption = content;
SET client_min_messages = warning;
SET row_security = off;

SET default_tablespace = '';

SET default_table_access_method = heap;

--
-- Name: galaxy; Type: TABLE; Schema: public; Owner: freecodecamp
--

CREATE TABLE public.galaxy (
    galaxy_id integer NOT NULL,
    name character varying(30) NOT NULL,
    description text,
    distance_from_earth numeric,
    galaxy_type_id integer NOT NULL
);


ALTER TABLE public.galaxy OWNER TO freecodecamp;

--
-- Name: galaxy_galaxy_id_seq; Type: SEQUENCE; Schema: public; Owner: freecodecamp
--

CREATE SEQUENCE public.galaxy_galaxy_id_seq
    AS integer
    START WITH 1
    INCREMENT BY 1
    NO MINVALUE
    NO MAXVALUE
    CACHE 1;


ALTER TABLE public.galaxy_galaxy_id_seq OWNER TO freecodecamp;

--
-- Name: galaxy_galaxy_id_seq; Type: SEQUENCE OWNED BY; Schema: public; Owner: freecodecamp
--

ALTER SEQUENCE public.galaxy_galaxy_id_seq OWNED BY public.galaxy.galaxy_id;


--
-- Name: galaxy_type; Type: TABLE; Schema: public; Owner: freecodecamp
--

CREATE TABLE public.galaxy_type (
    galaxy_type_id integer NOT NULL,
    name character varying(50) NOT NULL,
    description text
);


ALTER TABLE public.galaxy_type OWNER TO freecodecamp;

--
-- Name: galaxy_type_galaxy_type_id_seq; Type: SEQUENCE; Schema: public; Owner: freecodecamp
--

CREATE SEQUENCE public.galaxy_type_galaxy_type_id_seq
    AS integer
    START WITH 1
    INCREMENT BY 1
    NO MINVALUE
    NO MAXVALUE
    CACHE 1;


ALTER TABLE public.galaxy_type_galaxy_type_id_seq OWNER TO freecodecamp;

--
-- Name: galaxy_type_galaxy_type_id_seq; Type: SEQUENCE OWNED BY; Schema: public; Owner: freecodecamp
--

ALTER SEQUENCE public.galaxy_type_galaxy_type_id_seq OWNED BY public.galaxy_type.galaxy_type_id;


--
-- Name: moon; Type: TABLE; Schema: public; Owner: freecodecamp
--

CREATE TABLE public.moon (
    moon_id integer NOT NULL,
    name character varying(30) NOT NULL,
    planet_id integer NOT NULL,
    description text,
    distance_from_earth numeric,
    diameter_km integer
);


ALTER TABLE public.moon OWNER TO freecodecamp;

--
-- Name: moon_moon_id_seq; Type: SEQUENCE; Schema: public; Owner: freecodecamp
--

CREATE SEQUENCE public.moon_moon_id_seq
    AS integer
    START WITH 1
    INCREMENT BY 1
    NO MINVALUE
    NO MAXVALUE
    CACHE 1;


ALTER TABLE public.moon_moon_id_seq OWNER TO freecodecamp;

--
-- Name: moon_moon_id_seq; Type: SEQUENCE OWNED BY; Schema: public; Owner: freecodecamp
--

ALTER SEQUENCE public.moon_moon_id_seq OWNED BY public.moon.moon_id;


--
-- Name: planet; Type: TABLE; Schema: public; Owner: freecodecamp
--

CREATE TABLE public.planet (
    planet_id integer NOT NULL,
    name character varying(30) NOT NULL,
    has_life boolean,
    is_spherical boolean,
    age_in_millions_of_years integer,
    planet_type character varying(50) NOT NULL,
    star_id integer NOT NULL,
    description text,
    distance_from_earth numeric,
    diameter_km integer
);


ALTER TABLE public.planet OWNER TO freecodecamp;

--
-- Name: planet_planet_id_seq; Type: SEQUENCE; Schema: public; Owner: freecodecamp
--

CREATE SEQUENCE public.planet_planet_id_seq
    AS integer
    START WITH 1
    INCREMENT BY 1
    NO MINVALUE
    NO MAXVALUE
    CACHE 1;


ALTER TABLE public.planet_planet_id_seq OWNER TO freecodecamp;

--
-- Name: planet_planet_id_seq; Type: SEQUENCE OWNED BY; Schema: public; Owner: freecodecamp
--

ALTER SEQUENCE public.planet_planet_id_seq OWNED BY public.planet.planet_id;


--
-- Name: star; Type: TABLE; Schema: public; Owner: freecodecamp
--

CREATE TABLE public.star (
    star_id integer NOT NULL,
    name character varying(30) NOT NULL,
    galaxy_id integer NOT NULL,
    description text,
    distance_from_earth numeric,
    star_type_id integer NOT NULL
);


ALTER TABLE public.star OWNER TO freecodecamp;

--
-- Name: star_star_id_seq; Type: SEQUENCE; Schema: public; Owner: freecodecamp
--

CREATE SEQUENCE public.star_star_id_seq
    AS integer
    START WITH 1
    INCREMENT BY 1
    NO MINVALUE
    NO MAXVALUE
    CACHE 1;


ALTER TABLE public.star_star_id_seq OWNER TO freecodecamp;

--
-- Name: star_star_id_seq; Type: SEQUENCE OWNED BY; Schema: public; Owner: freecodecamp
--

ALTER SEQUENCE public.star_star_id_seq OWNED BY public.star.star_id;


--
-- Name: star_type; Type: TABLE; Schema: public; Owner: freecodecamp
--

CREATE TABLE public.star_type (
    star_type_id integer NOT NULL,
    name character varying(50) NOT NULL,
    description text
);


ALTER TABLE public.star_type OWNER TO freecodecamp;

--
-- Name: star_type_star_type_id_seq; Type: SEQUENCE; Schema: public; Owner: freecodecamp
--

CREATE SEQUENCE public.star_type_star_type_id_seq
    AS integer
    START WITH 1
    INCREMENT BY 1
    NO MINVALUE
    NO MAXVALUE
    CACHE 1;


ALTER TABLE public.star_type_star_type_id_seq OWNER TO freecodecamp;

--
-- Name: star_type_star_type_id_seq; Type: SEQUENCE OWNED BY; Schema: public; Owner: freecodecamp
--

ALTER SEQUENCE public.star_type_star_type_id_seq OWNED BY public.star_type.star_type_id;


--
-- Name: galaxy galaxy_id; Type: DEFAULT; Schema: public; Owner: freecodecamp
--

ALTER TABLE ONLY public.galaxy ALTER COLUMN galaxy_id SET DEFAULT nextval('public.galaxy_galaxy_id_seq'::regclass);


--
-- Name: galaxy_type galaxy_type_id; Type: DEFAULT; Schema: public; Owner: freecodecamp
--

ALTER TABLE ONLY public.galaxy_type ALTER COLUMN galaxy_type_id SET DEFAULT nextval('public.galaxy_type_galaxy_type_id_seq'::regclass);


--
-- Name: moon moon_id; Type: DEFAULT; Schema: public; Owner: freecodecamp
--

ALTER TABLE ONLY public.moon ALTER COLUMN moon_id SET DEFAULT nextval('public.moon_moon_id_seq'::regclass);


--
-- Name: planet planet_id; Type: DEFAULT; Schema: public; Owner: freecodecamp
--

ALTER TABLE ONLY public.planet ALTER COLUMN planet_id SET DEFAULT nextval('public.planet_planet_id_seq'::regclass);


--
-- Name: star star_id; Type: DEFAULT; Schema: public; Owner: freecodecamp
--

ALTER TABLE ONLY public.star ALTER COLUMN star_id SET DEFAULT nextval('public.star_star_id_seq'::regclass);


--
-- Name: star_type star_type_id; Type: DEFAULT; Schema: public; Owner: freecodecamp
--

ALTER TABLE ONLY public.star_type ALTER COLUMN star_type_id SET DEFAULT nextval('public.star_type_star_type_id_seq'::regclass);


--
-- Data for Name: galaxy; Type: TABLE DATA; Schema: public; Owner: freecodecamp
--

INSERT INTO public.galaxy VALUES (1, 'Milky Way', NULL, 0, 1);
INSERT INTO public.galaxy VALUES (2, 'Andromeda', NULL, 2.5, 1);
INSERT INTO public.galaxy VALUES (3, 'Messier 87', NULL, 53.5, 2);
INSERT INTO public.galaxy VALUES (4, 'Sombrero', NULL, 29.3, 2);
INSERT INTO public.galaxy VALUES (5, 'Large Magellanic Cloud', NULL, 0.163, 3);
INSERT INTO public.galaxy VALUES (6, 'Small Magellanic Cloud', NULL, 0.2, 3);


--
-- Data for Name: galaxy_type; Type: TABLE DATA; Schema: public; Owner: freecodecamp
--

INSERT INTO public.galaxy_type VALUES (1, 'Spiral', NULL);
INSERT INTO public.galaxy_type VALUES (2, 'Elliptical', NULL);
INSERT INTO public.galaxy_type VALUES (3, 'Irregular', NULL);


--
-- Data for Name: moon; Type: TABLE DATA; Schema: public; Owner: freecodecamp
--

INSERT INTO public.moon VALUES (10, 'Mimas', 6, NULL, 1275, NULL);
INSERT INTO public.moon VALUES (12, 'Charon', 12, NULL, 20.3, NULL);
INSERT INTO public.moon VALUES (15, 'Oberon', 7, NULL, 2724, NULL);
INSERT INTO public.moon VALUES (16, 'Titania', 7, NULL, 2724, NULL);
INSERT INTO public.moon VALUES (17, 'Miranda', 7, NULL, 2724, NULL);
INSERT INTO public.moon VALUES (18, 'Ariel', 7, NULL, 2724, NULL);
INSERT INTO public.moon VALUES (19, 'Umbriel', 7, NULL, 2724, NULL);
INSERT INTO public.moon VALUES (20, 'Nereid', 8, NULL, 4351, NULL);
INSERT INTO public.moon VALUES (1, 'Moon', 3, NULL, 0.384, 3474);
INSERT INTO public.moon VALUES (2, 'Phobos', 4, NULL, 0.009, 22);
INSERT INTO public.moon VALUES (3, 'Deimos', 4, NULL, 0.023, 12);
INSERT INTO public.moon VALUES (4, 'Io', 5, NULL, 628.9, 3643);
INSERT INTO public.moon VALUES (5, 'Europa', 5, NULL, 628.9, 3121);
INSERT INTO public.moon VALUES (6, 'Ganymede', 5, NULL, 628.9, 5268);
INSERT INTO public.moon VALUES (7, 'Callisto', 5, NULL, 628.9, 4821);
INSERT INTO public.moon VALUES (8, 'Titan', 6, NULL, 1275, 5150);
INSERT INTO public.moon VALUES (9, 'Enceladus', 6, NULL, 1275, 252);
INSERT INTO public.moon VALUES (11, 'Triton', 8, NULL, 4351, 396);
INSERT INTO public.moon VALUES (13, 'Kepler-1625b I', 10, NULL, 600, NULL);
INSERT INTO public.moon VALUES (14, 'Proxima Centauri b I', 9, NULL, 4.24, NULL);


--
-- Data for Name: planet; Type: TABLE DATA; Schema: public; Owner: freecodecamp
--

INSERT INTO public.planet VALUES (1, 'Mercury', false, true, 4500, 'Terrestrial', 1, NULL, 77.3, 4879);
INSERT INTO public.planet VALUES (2, 'Venus', false, true, 4500, 'Terrestrial', 1, NULL, 41.4, 12104);
INSERT INTO public.planet VALUES (3, 'Earth', true, true, 4500, 'Terrestrial', 1, NULL, 0, 12742);
INSERT INTO public.planet VALUES (4, 'Mars', false, true, 4500, 'Terrestrial', 1, NULL, 78.3, 6779);
INSERT INTO public.planet VALUES (5, 'Jupiter', false, true, 4500, 'Gas Giant', 1, NULL, 628.7, 139820);
INSERT INTO public.planet VALUES (6, 'Saturn', false, true, 4500, 'Gas Giant', 1, NULL, 1275, 116460);
INSERT INTO public.planet VALUES (7, 'Uranus', false, true, 4500, 'Ice Giant', 1, NULL, 2724, 50724);
INSERT INTO public.planet VALUES (8, 'Neptune', false, true, 4500, 'Ice Giant', 1, NULL, 4351, 49244);
INSERT INTO public.planet VALUES (9, 'Proxima b', NULL, true, 4850, 'Exoplanet', 4, NULL, 4.24, NULL);
INSERT INTO public.planet VALUES (10, 'Kepler-22b', NULL, true, 4000, 'Exoplanet', 5, NULL, 600, NULL);
INSERT INTO public.planet VALUES (11, 'HD 209458 b', false, true, 2000, 'Hot Jupiter', 6, NULL, 150, NULL);
INSERT INTO public.planet VALUES (12, 'Gliese 581g', NULL, true, 7000, 'Exoplanet', 2, NULL, 20.3, NULL);


--
-- Data for Name: star; Type: TABLE DATA; Schema: public; Owner: freecodecamp
--

INSERT INTO public.star VALUES (1, 'Sun', 1, NULL, 0, 1);
INSERT INTO public.star VALUES (2, 'Sirius', 1, NULL, 8.6, 1);
INSERT INTO public.star VALUES (3, 'Betelgeuse', 1, NULL, 642.5, 2);
INSERT INTO public.star VALUES (4, 'Alpha Centauri', 1, NULL, 4.37, 1);
INSERT INTO public.star VALUES (5, 'Vega', 1, NULL, 25.0, 2);
INSERT INTO public.star VALUES (6, 'Polaris', 1, NULL, 433.8, 3);


--
-- Data for Name: star_type; Type: TABLE DATA; Schema: public; Owner: freecodecamp
--

INSERT INTO public.star_type VALUES (1, 'Spiral', NULL);
INSERT INTO public.star_type VALUES (2, 'Elliptical', NULL);
INSERT INTO public.star_type VALUES (3, 'Irregular', NULL);


--
-- Name: galaxy_galaxy_id_seq; Type: SEQUENCE SET; Schema: public; Owner: freecodecamp
--

SELECT pg_catalog.setval('public.galaxy_galaxy_id_seq', 6, true);


--
-- Name: galaxy_type_galaxy_type_id_seq; Type: SEQUENCE SET; Schema: public; Owner: freecodecamp
--

SELECT pg_catalog.setval('public.galaxy_type_galaxy_type_id_seq', 3, true);


--
-- Name: moon_moon_id_seq; Type: SEQUENCE SET; Schema: public; Owner: freecodecamp
--

SELECT pg_catalog.setval('public.moon_moon_id_seq', 20, true);


--
-- Name: planet_planet_id_seq; Type: SEQUENCE SET; Schema: public; Owner: freecodecamp
--

SELECT pg_catalog.setval('public.planet_planet_id_seq', 12, true);


--
-- Name: star_star_id_seq; Type: SEQUENCE SET; Schema: public; Owner: freecodecamp
--

SELECT pg_catalog.setval('public.star_star_id_seq', 6, true);


--
-- Name: star_type_star_type_id_seq; Type: SEQUENCE SET; Schema: public; Owner: freecodecamp
--

SELECT pg_catalog.setval('public.star_type_star_type_id_seq', 3, true);


--
-- Name: galaxy galaxy_name_key; Type: CONSTRAINT; Schema: public; Owner: freecodecamp
--

ALTER TABLE ONLY public.galaxy
    ADD CONSTRAINT galaxy_name_key UNIQUE (name);


--
-- Name: galaxy galaxy_pkey; Type: CONSTRAINT; Schema: public; Owner: freecodecamp
--

ALTER TABLE ONLY public.galaxy
    ADD CONSTRAINT galaxy_pkey PRIMARY KEY (galaxy_id);


--
-- Name: galaxy_type galaxy_type_name_key; Type: CONSTRAINT; Schema: public; Owner: freecodecamp
--

ALTER TABLE ONLY public.galaxy_type
    ADD CONSTRAINT galaxy_type_name_key UNIQUE (name);


--
-- Name: galaxy_type galaxy_type_pkey; Type: CONSTRAINT; Schema: public; Owner: freecodecamp
--

ALTER TABLE ONLY public.galaxy_type
    ADD CONSTRAINT galaxy_type_pkey PRIMARY KEY (galaxy_type_id);


--
-- Name: moon moon_name_key; Type: CONSTRAINT; Schema: public; Owner: freecodecamp
--

ALTER TABLE ONLY public.moon
    ADD CONSTRAINT moon_name_key UNIQUE (name);


--
-- Name: moon moon_pkey; Type: CONSTRAINT; Schema: public; Owner: freecodecamp
--

ALTER TABLE ONLY public.moon
    ADD CONSTRAINT moon_pkey PRIMARY KEY (moon_id);


--
-- Name: planet planet_name_key; Type: CONSTRAINT; Schema: public; Owner: freecodecamp
--

ALTER TABLE ONLY public.planet
    ADD CONSTRAINT planet_name_key UNIQUE (name);


--
-- Name: planet planet_pkey; Type: CONSTRAINT; Schema: public; Owner: freecodecamp
--

ALTER TABLE ONLY public.planet
    ADD CONSTRAINT planet_pkey PRIMARY KEY (planet_id);


--
-- Name: star star_name_key; Type: CONSTRAINT; Schema: public; Owner: freecodecamp
--

ALTER TABLE ONLY public.star
    ADD CONSTRAINT star_name_key UNIQUE (name);


--
-- Name: star star_pkey; Type: CONSTRAINT; Schema: public; Owner: freecodecamp
--

ALTER TABLE ONLY public.star
    ADD CONSTRAINT star_pkey PRIMARY KEY (star_id);


--
-- Name: star_type star_type_name_key; Type: CONSTRAINT; Schema: public; Owner: freecodecamp
--

ALTER TABLE ONLY public.star_type
    ADD CONSTRAINT star_type_name_key UNIQUE (name);


--
-- Name: star_type star_type_pkey; Type: CONSTRAINT; Schema: public; Owner: freecodecamp
--

ALTER TABLE ONLY public.star_type
    ADD CONSTRAINT star_type_pkey PRIMARY KEY (star_type_id);


--
-- Name: galaxy galaxy_galaxy_type_id_fkey; Type: FK CONSTRAINT; Schema: public; Owner: freecodecamp
--

ALTER TABLE ONLY public.galaxy
    ADD CONSTRAINT galaxy_galaxy_type_id_fkey FOREIGN KEY (galaxy_type_id) REFERENCES public.galaxy_type(galaxy_type_id);


--
-- Name: moon moon_planet_id_fkey; Type: FK CONSTRAINT; Schema: public; Owner: freecodecamp
--

ALTER TABLE ONLY public.moon
    ADD CONSTRAINT moon_planet_id_fkey FOREIGN KEY (planet_id) REFERENCES public.planet(planet_id);


--
-- Name: planet planet_star_id_fkey; Type: FK CONSTRAINT; Schema: public; Owner: freecodecamp
--

ALTER TABLE ONLY public.planet
    ADD CONSTRAINT planet_star_id_fkey FOREIGN KEY (star_id) REFERENCES public.star(star_id);


--
-- Name: star star_galaxy_id_fkey; Type: FK CONSTRAINT; Schema: public; Owner: freecodecamp
--

ALTER TABLE ONLY public.star
    ADD CONSTRAINT star_galaxy_id_fkey FOREIGN KEY (galaxy_id) REFERENCES public.galaxy(galaxy_id);


--
-- Name: star star_star_type_id_fkey; Type: FK CONSTRAINT; Schema: public; Owner: freecodecamp
--

ALTER TABLE ONLY public.star
    ADD CONSTRAINT star_star_type_id_fkey FOREIGN KEY (star_type_id) REFERENCES public.star_type(star_type_id);


--
-- PostgreSQL database dump complete
--

